race_id,race_date,meeting_number,race_number,hippodrome,discipline,field_size,support_order,common_test,method,hits_top5_in_top5,hits_top5_in_top7,four_of_five_top7,five_of_five_top7,winner_at1,winner_in5,winner_in7,ndcg5,ndcg7,top7
R1C7_2026-07-11,2026-07-11,1,7,ENGHIEN,ATTELE_VOLTE,14,40,False,market,1,2,0,0,0,1,1,0.42851906600345463,0.48314868419605334,14-11-1-10-13-9-8
R1C7_2026-07-11,2026-07-11,1,7,ENGHIEN,ATTELE_VOLTE,14,40,False,logistic_v1_expanding,1,2,0,0,0,1,1,0.42851906600345463,0.48314868419605334,14-11-1-10-13-9-12
R1C7_2026-07-11,2026-07-11,1,7,ENGHIEN,ATTELE_VOLTE,14,40,False,lgbm_ranker,1,2,0,0,1,1,1,0.6791866504595295,0.7338162686521282,11-14-13-10-8-9-1
R1C7_2026-07-11,2026-07-11,1,7,ENGHIEN,ATTELE_VOLTE,14,40,False,v2_market6_plus_logit1,1,2,0,0,0,1,1,0.42851906600345463,0.48314868419605334,14-11-1-10-13-9-12
R1C3_2026-07-12,2026-07-12,1,3,DEAUVILLE,PLAT,16,41,False,market,3,4,1,0,0,0,0,0.41475686459389044,0.4366661113829075,13-10-9-4-1-5-12
R1C3_2026-07-12,2026-07-12,1,3,DEAUVILLE,PLAT,16,41,False,logistic_v1_expanding,3,4,1,0,0,0,0,0.4348368705750462,0.45674611736406334,13-9-1-4-10-5-12
R1C3_2026-07-12,2026-07-12,1,3,DEAUVILLE,PLAT,16,41,False,lgbm_ranker,3,5,1,1,0,0,1,0.41475686459389044,0.6645651082581807,13-10-9-4-6-12-7
R1C3_2026-07-12,2026-07-12,1,3,DEAUVILLE,PLAT,16,41,False,v2_market6_plus_logit1,3,4,1,0,0,0,0,0.41475686459389044,0.4366661113829075,13-10-9-4-1-5-12
R1C8_2026-07-13,2026-07-13,1,8,DIEPPE,PLAT,16,42,False,market,3,4,1,0,0,1,1,0.5591872794453482,0.5825999729564618,4-8-7-5-1-16-3
R1C8_2026-07-13,2026-07-13,1,8,DIEPPE,PLAT,16,42,False,logistic_v1_expanding,3,4,1,0,0,1,1,0.546775561291016,0.5701882548021298,4-8-1-7-5-16-3
R1C8_2026-07-13,2026-07-13,1,8,DIEPPE,PLAT,16,42,False,lgbm_ranker,3,3,0,0,0,1,1,0.6936589879391979,0.6936589879391979,8-4-5-7-16-2-9
R1C8_2026-07-13,2026-07-13,1,8,DIEPPE,PLAT,16,42,False,v2_market6_plus_logit1,3,4,1,0,0,1,1,0.5591872794453482,0.5825999729564618,4-8-7-5-1-16-3
R1C3_2026-07-14,2026-07-14,1,3,ParisLongchamp,PLAT,15,43,False,market,3,3,0,0,1,1,1,0.8689329622513345,0.8689329622513345,4-1-2-5-6-3-7
R1C3_2026-07-14,2026-07-14,1,3,ParisLongchamp,PLAT,15,43,False,logistic_v1_expanding,2,3,0,0,1,1,1,0.8435060013771576,0.8669186948882713,4-1-2-5-3-6-9
R1C3_2026-07-14,2026-07-14,1,3,ParisLongchamp,PLAT,15,43,False,lgbm_ranker,3,3,0,0,1,1,1,0.8718133983683809,0.8718133983683809,4-1-2-6-5-7-8
R1C3_2026-07-14,2026-07-14,1,3,ParisLongchamp,PLAT,15,43,False,v2_market6_plus_logit1,3,3,0,0,1,1,1,0.8689329622513345,0.8689329622513345,4-1-2-5-6-3-9
R1C8_2026-07-15,2026-07-15,1,8,LISIEUX,ATTELE_AUTOSTART,14,44,False,market,3,3,0,0,0,1,1,0.45250844346371694,0.45250844346371694,1-7-5-11-3-13-8
R1C8_2026-07-15,2026-07-15,1,8,LISIEUX,ATTELE_AUTOSTART,14,44,False,logistic_v1_expanding,3,3,0,0,0,1,1,0.5839612673655622,0.5839612673655622,1-11-7-5-3-8-13
R1C8_2026-07-15,2026-07-15,1,8,LISIEUX,ATTELE_AUTOSTART,14,44,False,lgbm_ranker,1,3,0,0,0,0,1,0.041469587032592375,0.38492860474133755,1-5-7-8-13-3-11
R1C8_2026-07-15,2026-07-15,1,8,LISIEUX,ATTELE_AUTOSTART,14,44,False,v2_market6_plus_logit1,3,3,0,0,0,1,1,0.45250844346371694,0.45250844346371694,1-7-5-11-3-13-8
R1C8_2026-07-16,2026-07-16,1,8,COMPIEGNE,PLAT,16,45,False,market,3,4,1,0,0,1,1,0.6881463339444662,0.6959505651148374,5-3-2-15-14-7-16
R1C8_2026-07-16,2026-07-16,1,8,COMPIEGNE,PLAT,16,45,False,logistic_v1_expanding,2,3,0,0,0,0,0,0.4254010715779718,0.4327041538409775,5-3-2-15-4-6-7
R1C8_2026-07-16,2026-07-16,1,8,COMPIEGNE,PLAT,16,45,False,lgbm_ranker,2,4,1,0,0,0,1,0.4254010715779718,0.6596008529015195,5-3-2-15-8-7-14
R1C8_2026-07-16,2026-07-16,1,8,COMPIEGNE,PLAT,16,45,False,v2_market6_plus_logit1,3,4,1,0,0,1,1,0.6881463339444662,0.6959505651148374,5-3-2-15-14-7-4
R1C4_2026-07-17,2026-07-17,1,4,CABOURG,ATTELE_VOLTE,13,46,False,market,3,3,0,0,1,1,1,0.8723720478099348,0.8723720478099348,4-8-10-2-6-5-3
R1C4_2026-07-17,2026-07-17,1,4,CABOURG,ATTELE_VOLTE,13,46,False,logistic_v1_expanding,2,3,0,0,1,1,1,0.7558690142210893,0.8729324817766578,4-10-2-8-3-6-5
R1C4_2026-07-17,2026-07-17,1,4,CABOURG,ATTELE_VOLTE,13,46,False,lgbm_ranker,3,4,1,0,1,1,1,0.8723720478099348,0.8796751300729405,4-10-8-2-6-5-12
R1C4_2026-07-17,2026-07-17,1,4,CABOURG,ATTELE_VOLTE,13,46,False,v2_market6_plus_logit1,3,3,0,0,1,1,1,0.8723720478099348,0.8723720478099348,4-8-10-2-6-5-3
R1C4_2026-07-18,2026-07-18,1,4,ENGHIEN,ATTELE_AUTOSTART,14,47,False,market,3,5,1,1,1,1,1,0.862193222448238,0.9241259229038425,13-12-2-6-5-1-4
R1C4_2026-07-18,2026-07-18,1,4,ENGHIEN,ATTELE_AUTOSTART,14,47,False,logistic_v1_expanding,4,5,1,1,1,1,1,0.9129170809722509,0.9202201632352566,13-5-12-6-1-2-4
R1C4_2026-07-18,2026-07-18,1,4,ENGHIEN,ATTELE_AUTOSTART,14,47,False,lgbm_ranker,4,5,1,1,1,1,1,0.9443051637828295,0.9516082460458352,13-12-6-2-1-5-4
R1C4_2026-07-18,2026-07-18,1,4,ENGHIEN,ATTELE_AUTOSTART,14,47,False,v2_market6_plus_logit1,3,5,1,1,1,1,1,0.862193222448238,0.9241259229038425,13-12-2-6-5-1-4
R1C3_2026-07-19,2026-07-19,1,3,CHANTILLY,PLAT,16,48,False,market,3,4,1,0,0,1,1,0.5083333576969945,0.5317460512081081,11-13-7-1-4-9-10
R1C3_2026-07-19,2026-07-19,1,3,CHANTILLY,PLAT,16,48,False,logistic_v1_expanding,3,4,1,0,0,1,1,0.5083333576969945,0.5317460512081081,11-13-7-1-4-9-6
R1C3_2026-07-19,2026-07-19,1,3,CHANTILLY,PLAT,16,48,False,lgbm_ranker,4,4,1,0,0,1,1,0.6113955747678221,0.6113955747678221,11-1-9-13-4-7-15
R1C3_2026-07-19,2026-07-19,1,3,CHANTILLY,PLAT,16,48,False,v2_market6_plus_logit1,3,4,1,0,0,1,1,0.5083333576969945,0.5317460512081081,11-13-7-1-4-9-6
R1C8_2026-07-20,2026-07-20,1,8,VICHY,PLAT,16,49,False,market,3,3,0,0,0,0,0,0.33150727411827846,0.33150727411827846,1-2-11-9-10-3-4
R1C8_2026-07-20,2026-07-20,1,8,VICHY,PLAT,16,49,False,logistic_v1_expanding,2,2,0,0,0,0,0,0.16718792320065037,0.16718792320065037,1-2-10-3-5-9-4
R1C8_2026-07-20,2026-07-20,1,8,VICHY,PLAT,16,49,False,lgbm_ranker,4,4,1,0,0,1,1,0.6483182333865314,0.6483182333865314,1-2-15-11-4-3-5
R1C8_2026-07-20,2026-07-20,1,8,VICHY,PLAT,16,49,False,v2_market6_plus_logit1,3,3,0,0,0,0,0,0.33150727411827846,0.33150727411827846,1-2-11-9-10-3-5
R1C8_2026-07-21,2026-07-21,1,8,VICHY,PLAT,15,50,False,market,3,4,1,0,0,1,1,0.4146990995261994,0.531762567081768,1-14-3-4-13-8-12
R1C8_2026-07-21,2026-07-21,1,8,VICHY,PLAT,15,50,False,logistic_v1_expanding,2,3,0,0,0,1,1,0.49456965898297556,0.5179823524940893,1-4-3-14-7-13-10
R1C8_2026-07-21,2026-07-21,1,8,VICHY,PLAT,15,50,False,lgbm_ranker,2,4,1,0,0,0,1,0.1816721245143428,0.5331495247409367,14-3-12-13-1-4-8
R1C8_2026-07-21,2026-07-21,1,8,VICHY,PLAT,15,50,False,v2_market6_plus_logit1,3,4,1,0,0,1,1,0.4146990995261994,0.531762567081768,1-14-3-4-13-8-7
R1C8_2026-07-22,2026-07-22,1,8,ENGHIEN,ATTELE_VOLTE,15,51,False,market,3,3,0,0,1,1,1,0.8718133983683809,0.8718133983683809,13-9-4-10-14-1-7
R1C8_2026-07-22,2026-07-22,1,8,ENGHIEN,ATTELE_VOLTE,15,51,False,logistic_v1_expanding,3,4,1,0,1,1,1,0.8391853250139395,0.8903069008549794,13-9-10-14-4-1-6
R1C8_2026-07-22,2026-07-22,1,8,ENGHIEN,ATTELE_VOLTE,15,51,False,lgbm_ranker,3,3,0,0,0,1,1,0.5839612673655622,0.5839612673655622,9-13-14-10-4-1-5
R1C8_2026-07-22,2026-07-22,1,8,ENGHIEN,ATTELE_VOLTE,15,51,False,v2_market6_plus_logit1,3,4,1,0,1,1,1,0.8718133983683809,0.9229349742094208,13-9-4-10-14-1-6
R1C8_2026-07-23,2026-07-23,1,8,VICHY,PLAT,16,52,False,market,3,4,1,0,0,1,1,0.5306283906391913,0.6401746245842768,4-6-9-11-14-10-7
R1C8_2026-07-23,2026-07-23,1,8,VICHY,PLAT,16,52,False,logistic_v1_expanding,2,3,0,0,1,1,1,0.7558690142210893,0.7777782610101064,6-4-9-11-5-3-14
R1C8_2026-07-23,2026-07-23,1,8,VICHY,PLAT,16,52,False,lgbm_ranker,3,3,0,0,0,1,1,0.5207125115600596,0.5207125115600596,4-6-14-10-9-11-12
R1C8_2026-07-23,2026-07-23,1,8,VICHY,PLAT,16,52,False,v2_market6_plus_logit1,3,3,0,0,0,1,1,0.5306283906391913,0.5306283906391913,4-6-9-11-14-10-5
R1C4_2026-07-24,2026-07-24,1,4,CABOURG,ATTELE_VOLTE,16,53,False,market,3,4,1,0,0,0,1,0.35915366547334004,0.6010848317548486,2-9-14-7-5-11-6
R1C4_2026-07-24,2026-07-24,1,4,CABOURG,ATTELE_VOLTE,16,53,False,logistic_v1_expanding,3,4,1,0,0,0,0,0.4582649417614974,0.4655680240245031,14-2-9-5-7-8-3
R1C4_2026-07-24,2026-07-24,1,4,CABOURG,ATTELE_VOLTE,16,53,False,lgbm_ranker,3,4,1,0,0,1,1,0.48734408346501884,0.5968903174101042,2-9-8-11-7-6-14
R1C4_2026-07-24,2026-07-24,1,4,CABOURG,ATTELE_VOLTE,16,53,False,v2_market6_plus_logit1,3,4,1,0,0,0,1,0.35915366547334004,0.6010848317548486,2-9-14-7-5-11-8
R1C4_2026-07-25,2026-07-25,1,4,ENGHIEN,ATTELE_AUTOSTART,16,54,False,market,4,4,1,0,0,1,1,0.7343754018771991,0.7343754018771991,4-7-12-3-5-11-10
R1C4_2026-07-25,2026-07-25,1,4,ENGHIEN,ATTELE_AUTOSTART,16,54,False,logistic_v1_expanding,4,4,1,0,1,1,1,0.9284406285528698,0.9284406285528698,7-4-12-3-5-1-11
R1C4_2026-07-25,2026-07-25,1,4,ENGHIEN,ATTELE_AUTOSTART,16,54,False,lgbm_ranker,3,4,1,0,1,1,1,0.7869036435967537,0.9039671111523222,7-4-12-11-5-3-1
R1C4_2026-07-25,2026-07-25,1,4,ENGHIEN,ATTELE_AUTOSTART,16,54,False,v2_market6_plus_logit1,4,4,1,0,0,1,1,0.7343754018771991,0.7343754018771991,4-7-12-3-5-11-1
R1C3_2026-07-26,2026-07-26,1,3,MONT DE MARSAN,PLAT,16,55,False,market,1,1,0,0,0,0,0,0.03286387018352562,0.03286387018352562,3-13-2-4-10-1-15
R1C3_2026-07-26,2026-07-26,1,3,MONT DE MARSAN,PLAT,16,55,False,logistic_v1_expanding,1,2,0,0,0,0,0,0.028307396991223248,0.08293701518382195,3-13-4-2-10-6-15
R1C3_2026-07-26,2026-07-26,1,3,MONT DE MARSAN,PLAT,16,55,False,lgbm_ranker,1,2,0,0,0,0,0,0.03286387018352562,0.08398544602456548,13-10-2-3-11-4-6
R1C3_2026-07-26,2026-07-26,1,3,MONT DE MARSAN,PLAT,16,55,False,v2_market6_plus_logit1,1,2,0,0,0,0,0,0.03286387018352562,0.08398544602456548,3-13-2-4-10-1-6
R1C5_2026-07-27,2026-07-27,1,5,CLAIREFONTAINE,STEEPLECHASE,16,56,False,market,3,3,0,0,1,1,1,0.7867068304716428,0.7867068304716428,12-4-8-7-15-9-6
R1C5_2026-07-27,2026-07-27,1,5,CLAIREFONTAINE,STEEPLECHASE,16,56,False,logistic_v1_expanding,2,2,0,0,0,1,1,0.405321065596816,0.405321065596816,4-8-12-15-6-3-16
R1C5_2026-07-27,2026-07-27,1,5,CLAIREFONTAINE,STEEPLECHASE,16,56,False,lgbm_ranker,3,3,0,0,1,1,1,0.7812959750952662,0.7812959750952662,12-9-7-15-4-8-6
R1C5_2026-07-27,2026-07-27,1,5,CLAIREFONTAINE,STEEPLECHASE,16,56,False,v2_market6_plus_logit1,3,3,0,0,1,1,1,0.7867068304716428,0.7867068304716428,12-4-8-7-15-9-6
R1C8_2026-07-28,2026-07-28,1,8,COMPIEGNE,PLAT,16,57,False,market,2,4,1,0,0,1,1,0.5818837935265742,0.7208565078711598,7-13-1-2-3-8-5
R1C8_2026-07-28,2026-07-28,1,8,COMPIEGNE,PLAT,16,57,False,logistic_v1_expanding,3,4,1,0,0,1,1,0.5183850136270612,0.6279312475721467,7-1-13-2-5-3-8
R1C8_2026-07-28,2026-07-28,1,8,COMPIEGNE,PLAT,16,57,False,lgbm_ranker,3,4,1,0,0,1,1,0.7234207784826905,0.7453300252717076,7-13-1-8-3-6-5
R1C8_2026-07-28,2026-07-28,1,8,COMPIEGNE,PLAT,16,57,False,v2_market6_plus_logit1,2,4,1,0,0,1,1,0.5818837935265742,0.7208565078711598,7-13-1-2-3-8-5
R1C1_2026-07-29,2026-07-29,1,1,ENGHIEN,ATTELE_VOLTE,16,58,False,market,3,3,0,0,1,1,1,0.9148419826137146,0.9148419826137146,9-13-16-14-4-11-5
R1C1_2026-07-29,2026-07-29,1,1,ENGHIEN,ATTELE_VOLTE,16,58,False,logistic_v1_expanding,3,3,0,0,1,1,1,0.9148419826137146,0.9148419826137146,9-13-4-14-11-16-5
R1C1_2026-07-29,2026-07-29,1,1,ENGHIEN,ATTELE_VOLTE,16,58,False,lgbm_ranker,3,3,0,0,1,1,1,0.88497558840975,0.88497558840975,9-14-13-16-11-4-15
R1C1_2026-07-29,2026-07-29,1,1,ENGHIEN,ATTELE_VOLTE,16,58,False,v2_market6_plus_logit1,3,3,0,0,1,1,1,0.9148419826137146,0.9148419826137146,9-13-16-14-4-11-5
R1C7_2026-07-30,2026-07-30,1,7,DIEPPE,PLAT,16,59,False,market,2,3,0,0,0,1,1,0.5913839642017507,0.6460135823943494,14-2-7-9-10-12-4
R1C7_2026-07-30,2026-07-30,1,7,DIEPPE,PLAT,16,59,False,logistic_v1_expanding,1,2,0,0,0,0,1,0.2073479351629619,0.4337434853161384,2-14-7-9-5-1-10
R1C7_2026-07-30,2026-07-30,1,7,DIEPPE,PLAT,16,59,False,lgbm_ranker,3,3,0,0,0,1,1,0.6574345571812715,0.6574345571812715,14-9-7-12-10-2-4
R1C7_2026-07-30,2026-07-30,1,7,DIEPPE,PLAT,16,59,False,v2_market6_plus_logit1,2,3,0,0,0,1,1,0.5913839642017507,0.6460135823943494,14-2-7-9-10-12-5
R1C4_2026-07-31,2026-07-31,1,4,CABOURG,ATTELE_VOLTE,16,60,False,market,2,2,0,0,0,1,1,0.2910526593577176,0.2910526593577176,12-13-14-5-3-7-6
R1C4_2026-07-31,2026-07-31,1,4,CABOURG,ATTELE_VOLTE,16,60,False,logistic_v1_expanding,2,2,0,0,0,1,1,0.31793672978348375,0.31793672978348375,12-13-14-3-5-6-7
R1C4_2026-07-31,2026-07-31,1,4,CABOURG,ATTELE_VOLTE,16,60,False,lgbm_ranker,1,2,0,0,0,0,1,0.041469587032592375,0.2834007533141008,12-5-13-14-7-3-6
R1C4_2026-07-31,2026-07-31,1,4,CABOURG,ATTELE_VOLTE,16,60,False,v2_market6_plus_logit1,2,2,0,0,0,1,1,0.2910526593577176,0.2910526593577176,12-13-14-5-3-7-6
R1C3_2026-08-01,2026-08-01,1,3,CLAIREFONTAINE,PLAT,16,61,False,market,3,3,0,0,0,1,1,0.7097016140976133,0.7097016140976133,11-13-7-3-1-4-6
R1C3_2026-08-01,2026-08-01,1,3,CLAIREFONTAINE,PLAT,16,61,False,logistic_v1_expanding,3,3,0,0,0,1,1,0.6540123409280887,0.6540123409280887,11-1-13-7-3-4-5
R1C3_2026-08-01,2026-08-01,1,3,CLAIREFONTAINE,PLAT,16,61,False,lgbm_ranker,3,3,0,0,0,1,1,0.5839612673655622,0.5839612673655622,1-7-4-13-11-3-6
R1C3_2026-08-01,2026-08-01,1,3,CLAIREFONTAINE,PLAT,16,61,False,v2_market6_plus_logit1,3,3,0,0,0,1,1,0.7097016140976133,0.7097016140976133,11-13-7-3-1-4-5
R1C3_2026-08-02,2026-08-02,1,3,DEAUVILLE,PLAT,18,62,False,market,2,2,0,0,0,1,1,0.3339793559418993,0.3339793559418993,2-5-4-16-13-18-11
R1C3_2026-08-02,2026-08-02,1,3,DEAUVILLE,PLAT,18,62,False,logistic_v1_expanding,1,3,0,0,0,0,1,0.03286387018352562,0.32591661230607394,2-4-5-13-18-16-3
R1C3_2026-08-02,2026-08-02,1,3,DEAUVILLE,PLAT,18,62,False,lgbm_ranker,2,2,0,0,0,1,1,0.31793672978348375,0.31793672978348375,2-18-13-16-5-9-11
R1C3_2026-08-02,2026-08-02,1,3,DEAUVILLE,PLAT,18,62,False,v2_market6_plus_logit1,2,3,0,0,0,1,1,0.3339793559418993,0.38510093178293914,2-5-4-16-13-18-3
R1C8_2026-08-03,2026-08-03,1,8,CLAIREFONTAINE,PLAT,16,63,False,market,2,4,1,0,0,1,1,0.44587449643242644,0.5788334238886256,1-7-10-2-4-15-8
R1C8_2026-08-03,2026-08-03,1,8,CLAIREFONTAINE,PLAT,16,63,False,logistic_v1_expanding,4,4,1,0,0,1,1,0.6599219985831773,0.6599219985831773,1-7-2-8-15-10-4
R1C8_2026-08-03,2026-08-03,1,8,CLAIREFONTAINE,PLAT,16,63,False,lgbm_ranker,3,4,1,0,0,1,1,0.4349198730379179,0.5444661069830034,15-7-1-2-10-4-8
R1C8_2026-08-03,2026-08-03,1,8,CLAIREFONTAINE,PLAT,16,63,False,v2_market6_plus_logit1,2,4,1,0,0,1,1,0.44587449643242644,0.5788334238886256,1-7-10-2-4-15-8
R1C8_2026-08-04,2026-08-04,1,8,DEAUVILLE,PLAT,14,64,False,market,3,3,0,0,0,1,1,0.64657543161874,0.64657543161874,3-2-8-4-1-12-5
R1C8_2026-08-04,2026-08-04,1,8,DEAUVILLE,PLAT,14,64,False,logistic_v1_expanding,3,3,0,0,0,1,1,0.64657543161874,0.64657543161874,3-2-8-4-1-12-14
R1C8_2026-08-04,2026-08-04,1,8,DEAUVILLE,PLAT,14,64,False,lgbm_ranker,3,3,0,0,0,1,1,0.7854651648299341,0.7854651648299341,3-4-8-1-2-12-14
R1C8_2026-08-04,2026-08-04,1,8,DEAUVILLE,PLAT,14,64,False,v2_market6_plus_logit1,3,3,0,0,0,1,1,0.64657543161874,0.64657543161874,3-2-8-4-1-12-14
R1C5_2026-08-05,2026-08-05,1,5,SAINT MALO,ATTELE_VOLTE,14,65,False,market,3,5,1,1,0,1,1,0.6588890099006036,0.689604785674723,6-5-3-12-14-4-8
R1C5_2026-08-05,2026-08-05,1,5,SAINT MALO,ATTELE_VOLTE,14,65,False,logistic_v1_expanding,3,5,1,1,0,1,1,0.5723682212669035,0.6312940282783146,6-3-5-14-4-8-12
R1C5_2026-08-05,2026-08-05,1,5,SAINT MALO,ATTELE_VOLTE,14,65,False,lgbm_ranker,3,4,1,0,0,1,1,0.606270835765806,0.6296835292769197,6-3-5-14-12-4-7
R1C5_2026-08-05,2026-08-05,1,5,SAINT MALO,ATTELE_VOLTE,14,65,False,v2_market6_plus_logit1,3,5,1,1,0,1,1,0.6588890099006036,0.689604785674723,6-5-3-12-14-4-8
R1C8_2026-08-06,2026-08-06,1,8,ENGHIEN,ATTELE_VOLTE,14,66,False,market,2,3,0,0,0,1,1,0.5469412603927266,0.5980628362337664,14-5-11-9-7-3-4
R1C8_2026-08-06,2026-08-06,1,8,ENGHIEN,ATTELE_VOLTE,14,66,False,logistic_v1_expanding,2,3,0,0,0,1,1,0.5928384169210827,0.6439599927621226,14-11-5-7-9-3-4
R1C8_2026-08-06,2026-08-06,1,8,ENGHIEN,ATTELE_VOLTE,14,66,False,lgbm_ranker,2,3,0,0,0,1,1,0.42706461328412254,0.47818618912516236,14-9-5-7-11-3-4
R1C8_2026-08-06,2026-08-06,1,8,ENGHIEN,ATTELE_VOLTE,14,66,False,v2_market6_plus_logit1,2,3,0,0,0,1,1,0.5469412603927266,0.5980628362337664,14-5-11-9-7-3-4
R1C4_2026-08-07,2026-08-07,1,4,CABOURG,ATTELE_VOLTE,16,67,False,market,2,3,0,0,0,1,1,0.4700931975294562,0.521214773370496,9-15-6-12-7-1-14
R1C4_2026-08-07,2026-08-07,1,4,CABOURG,ATTELE_VOLTE,16,67,False,logistic_v1_expanding,2,3,0,0,0,1,1,0.4700931975294562,0.521214773370496,9-15-6-12-7-1-14
R1C4_2026-08-07,2026-08-07,1,4,CABOURG,ATTELE_VOLTE,16,67,False,lgbm_ranker,2,3,0,0,0,1,1,0.42706461328412254,0.48169423147672125,9-6-15-12-7-14-1
R1C4_2026-08-07,2026-08-07,1,4,CABOURG,ATTELE_VOLTE,16,67,False,v2_market6_plus_logit1,2,3,0,0,0,1,1,0.4700931975294562,0.521214773370496,9-15-6-12-7-1-14
R1C3_2026-08-08,2026-08-08,1,3,DEAUVILLE,PLAT,16,68,False,market,1,1,0,0,0,0,0,0.008475653624725625,0.008475653624725625,4-8-5-13-6-1-14
R1C3_2026-08-08,2026-08-08,1,3,DEAUVILLE,PLAT,16,68,False,logistic_v1_expanding,0,2,0,0,0,0,0,0.0,0.11735046511545665,4-5-1-8-13-6-9
R1C3_2026-08-08,2026-08-08,1,3,DEAUVILLE,PLAT,16,68,False,lgbm_ranker,1,1,0,0,0,0,0,0.009435798997074415,0.009435798997074415,13-4-5-6-1-8-14
R1C3_2026-08-08,2026-08-08,1,3,DEAUVILLE,PLAT,16,68,False,v2_market6_plus_logit1,1,2,0,0,0,0,0,0.008475653624725625,0.11802188756981102,4-8-5-13-6-1-9
R1C3_2026-08-09,2026-08-09,1,3,DEAUVILLE,PLAT,20,69,False,market,2,2,0,0,0,1,1,0.3582375092763581,0.3582375092763581,3-6-10-11-4-2-14
R1C3_2026-08-09,2026-08-09,1,3,DEAUVILLE,PLAT,20,69,False,logistic_v1_expanding,3,3,0,0,0,1,1,0.4137967192215416,0.4137967192215416,3-6-11-2-1-10-4
R1C3_2026-08-09,2026-08-09,1,3,DEAUVILLE,PLAT,20,69,False,lgbm_ranker,2,2,0,0,0,1,1,0.49424680637050583,0.49424680637050583,3-11-6-10-7-14-4
R1C3_2026-08-09,2026-08-09,1,3,DEAUVILLE,PLAT,20,69,False,v2_market6_plus_logit1,2,3,0,0,0,1,1,0.3582375092763581,0.3655405915393638,3-6-10-11-4-2-1
R1C5_2026-08-10,2026-08-10,1,5,CLAIREFONTAINE,PLAT,16,70,False,market,3,3,0,0,0,1,1,0.6101938473500546,0.6101938473500546,2-5-11-4-6-1-3
R1C5_2026-08-10,2026-08-10,1,5,CLAIREFONTAINE,PLAT,16,70,False,logistic_v1_expanding,3,3,0,0,0,1,1,0.6101938473500546,0.6101938473500546,2-5-11-4-12-3-7
R1C5_2026-08-10,2026-08-10,1,5,CLAIREFONTAINE,PLAT,16,70,False,lgbm_ranker,3,3,0,0,0,1,1,0.6881463339444662,0.6881463339444662,11-2-6-5-4-12-3
R1C5_2026-08-10,2026-08-10,1,5,CLAIREFONTAINE,PLAT,16,70,False,v2_market6_plus_logit1,3,3,0,0,0,1,1,0.6101938473500546,0.6101938473500546,2-5-11-4-6-1-12
R1C8_2026-08-11,2026-08-11,1,8,DEAUVILLE,PLAT,16,71,False,market,3,4,1,0,1,1,1,0.7973386012536817,0.9144020688092502,3-7-4-2-9-10-12
R1C8_2026-08-11,2026-08-11,1,8,DEAUVILLE,PLAT,16,71,False,logistic_v1_expanding,3,4,1,0,1,1,1,0.8088128903857708,0.9258763579413393,3-4-7-16-2-10-9
R1C8_2026-08-11,2026-08-11,1,8,DEAUVILLE,PLAT,16,71,False,lgbm_ranker,3,4,1,0,1,1,1,0.8042564171934684,0.9138026511385537,3-4-9-7-1-2-10
R1C8_2026-08-11,2026-08-11,1,8,DEAUVILLE,PLAT,16,71,False,v2_market6_plus_logit1,3,4,1,0,1,1,1,0.7973386012536817,0.9144020688092502,3-7-4-2-9-10-16
R1C8_2026-08-12,2026-08-12,1,8,ENGHIEN,ATTELE_VOLTE,14,72,False,market,1,1,0,0,1,1,1,0.6791866504595295,0.6791866504595295,14-8-2-5-12-10-9
R1C8_2026-08-12,2026-08-12,1,8,ENGHIEN,ATTELE_VOLTE,14,72,False,logistic_v1_expanding,1,1,0,0,1,1,1,0.6791866504595295,0.6791866504595295,14-8-2-5-12-10-9
R1C8_2026-08-12,2026-08-12,1,8,ENGHIEN,ATTELE_VOLTE,14,72,False,lgbm_ranker,1,2,0,0,1,1,1,0.6791866504595295,0.6864897327225352,14-8-2-5-10-12-13
R1C8_2026-08-12,2026-08-12,1,8,ENGHIEN,ATTELE_VOLTE,14,72,False,v2_market6_plus_logit1,1,1,0,0,1,1,1,0.6791866504595295,0.6791866504595295,14-8-2-5-12-10-9
R1C8_2026-08-13,2026-08-13,1,8,DEAUVILLE,PLAT,16,73,False,market,1,2,0,0,0,0,1,0.12713480437088437,0.3690659706523928,10-15-2-8-6-3-14
R1C8_2026-08-13,2026-08-13,1,8,DEAUVILLE,PLAT,16,73,False,logistic_v1_expanding,1,3,0,0,0,1,1,0.33959332522976476,0.5037691773674489,15-10-3-8-2-13-6
R1C8_2026-08-13,2026-08-13,1,8,DEAUVILLE,PLAT,16,73,False,lgbm_ranker,1,1,0,0,0,0,0,0.12713480437088437,0.12713480437088437,10-15-2-8-6-7-14
R1C8_2026-08-13,2026-08-13,1,8,DEAUVILLE,PLAT,16,73,False,v2_market6_plus_logit1,1,3,0,0,0,0,1,0.12713480437088437,0.4201875464934327,10-15-2-8-6-3-13
R1C4_2026-08-14,2026-08-14,1,4,CABOURG,ATTELE_AUTOSTART,14,74,False,market,3,4,1,0,1,1,1,0.8959703846195658,0.9506000028121645,10-4-3-13-5-9-11
R1C4_2026-08-14,2026-08-14,1,4,CABOURG,ATTELE_AUTOSTART,14,74,False,logistic_v1_expanding,3,4,1,0,1,1,1,0.8959703846195658,0.9470919604606057,10-4-3-13-5-12-9
R1C4_2026-08-14,2026-08-14,1,4,CABOURG,ATTELE_AUTOSTART,14,74,False,lgbm_ranker,3,4,1,0,1,1,1,0.8345468310931765,0.8891764492857752,10-13-3-4-5-9-11
R1C4_2026-08-14,2026-08-14,1,4,CABOURG,ATTELE_AUTOSTART,14,74,False,v2_market6_plus_logit1,3,4,1,0,1,1,1,0.8959703846195658,0.9506000028121645,10-4-3-13-5-9-12
R1C3_2026-08-15,2026-08-15,1,3,DEAUVILLE,PLAT,16,75,False,market,2,3,0,0,0,0,0,0.09050555943909058,0.1139182529502043,9-6-7-2-10-16-1
R1C3_2026-08-15,2026-08-15,1,3,DEAUVILLE,PLAT,16,75,False,logistic_v1_expanding,2,2,0,0,0,0,0,0.07315277105061017,0.07315277105061017,9-6-8-10-7-2-15
R1C3_2026-08-15,2026-08-15,1,3,DEAUVILLE,PLAT,16,75,False,lgbm_ranker,2,3,0,0,0,0,0,0.07452624660424653,0.09793894011536025,9-2-10-7-6-16-15
R1C3_2026-08-15,2026-08-15,1,3,DEAUVILLE,PLAT,16,75,False,v2_market6_plus_logit1,2,3,0,0,0,0,0,0.09050555943909058,0.1139182529502043,9-6-7-2-10-16-8
R1C3_2026-08-16,2026-08-16,1,3,DEAUVILLE,PLAT,16,76,False,market,2,2,0,0,1,1,1,0.7759490202022451,0.7759490202022451,8-11-6-12-10-3-13
R1C3_2026-08-16,2026-08-16,1,3,DEAUVILLE,PLAT,16,76,False,logistic_v1_expanding,2,3,0,0,1,1,1,0.7558690142210893,0.763172096484095,8-6-11-12-3-10-4
R1C3_2026-08-16,2026-08-16,1,3,DEAUVILLE,PLAT,16,76,False,lgbm_ranker,2,2,0,0,1,1,1,0.7558690142210893,0.7558690142210893,8-6-11-10-12-1-3
R1C3_2026-08-16,2026-08-16,1,3,DEAUVILLE,PLAT,16,76,False,v2_market6_plus_logit1,2,3,0,0,1,1,1,0.7759490202022451,0.7832521024652509,8-11-6-12-10-3-4
R1C8_2026-08-17,2026-08-17,1,8,CLAIREFONTAINE,HAIES,16,77,False,market,1,2,0,0,0,1,1,0.2925097689093069,0.3471393871019056,1-3-8-4-11-12-10
R1C8_2026-08-17,2026-08-17,1,8,CLAIREFONTAINE,HAIES,16,77,False,logistic_v1_expanding,2,2,0,0,0,1,1,0.487848641376534,0.487848641376534,1-4-8-3-12-11-5
R1C8_2026-08-17,2026-08-17,1,8,CLAIREFONTAINE,HAIES,16,77,False,lgbm_ranker,2,3,0,0,1,1,1,0.7385162258326089,0.7458193080956147,4-3-11-1-12-8-15
R1C8_2026-08-17,2026-08-17,1,8,CLAIREFONTAINE,HAIES,16,77,False,v2_market6_plus_logit1,1,2,0,0,0,1,1,0.2925097689093069,0.3471393871019056,1-3-8-4-11-12-5
R1C8_2026-08-18,2026-08-18,1,8,DEAUVILLE,PLAT,16,78,False,market,2,2,0,0,0,0,0,0.342461897512787,0.342461897512787,9-15-5-16-10-3-7
R1C8_2026-08-18,2026-08-18,1,8,DEAUVILLE,PLAT,16,78,False,logistic_v1_expanding,2,2,0,0,0,0,0,0.33807450083233065,0.33807450083233065,9-5-3-15-7-10-1
R1C8_2026-08-18,2026-08-18,1,8,DEAUVILLE,PLAT,16,78,False,lgbm_ranker,2,2,0,0,0,0,0,0.33959332522976476,0.33959332522976476,9-16-15-5-10-12-7
R1C8_2026-08-18,2026-08-18,1,8,DEAUVILLE,PLAT,16,78,False,v2_market6_plus_logit1,2,2,0,0,0,0,0,0.342461897512787,0.342461897512787,9-15-5-16-10-3-7
R1C8_2026-08-19,2026-08-19,1,8,LAVAL,ATTELE_VOLTE,15,79,False,market,2,4,1,0,0,1,1,0.42706461328412254,0.4889973137397269,14-13-10-15-4-12-7
R1C8_2026-08-19,2026-08-19,1,8,LAVAL,ATTELE_VOLTE,15,79,False,logistic_v1_expanding,2,3,0,0,0,1,1,0.456829119826935,0.46463335099730624,14-13-10-4-15-7-2
R1C8_2026-08-19,2026-08-19,1,8,LAVAL,ATTELE_VOLTE,15,79,False,lgbm_ranker,2,4,1,0,0,1,1,0.4700931975294562,0.546632062511072,14-10-13-15-4-12-11
R1C8_2026-08-19,2026-08-19,1,8,LAVAL,ATTELE_VOLTE,15,79,False,v2_market6_plus_logit1,2,4,1,0,0,1,1,0.42706461328412254,0.4889973137397269,14-13-10-15-4-12-7
R1C8_2026-08-20,2026-08-20,1,8,DEAUVILLE,PLAT,16,80,False,market,2,3,0,0,0,0,0,0.04229966918060004,0.0934212450216399,8-7-9-3-2-10-6
R1C8_2026-08-20,2026-08-20,1,8,DEAUVILLE,PLAT,16,80,False,logistic_v1_expanding,2,3,0,0,0,0,0,0.06876537437015379,0.09067462115917087,8-7-2-3-6-10-9
R1C8_2026-08-20,2026-08-20,1,8,DEAUVILLE,PLAT,16,80,False,lgbm_ranker,2,3,0,0,0,0,0,0.05090538602966679,0.10553500422226547,8-9-2-3-7-6-10
R1C8_2026-08-20,2026-08-20,1,8,DEAUVILLE,PLAT,16,80,False,v2_market6_plus_logit1,2,3,0,0,0,0,0,0.04229966918060004,0.0934212450216399,8-7-9-3-2-10-6
R1C4_2026-08-21,2026-08-21,1,4,CABOURG,ATTELE_VOLTE,16,81,False,market,3,3,0,0,0,0,0,0.3890200596773047,0.3890200596773047,8-13-14-7-11-2-12
R1C4_2026-08-21,2026-08-21,1,4,CABOURG,ATTELE_VOLTE,16,81,False,logistic_v1_expanding,3,3,0,0,0,0,0,0.3861396235602583,0.3861396235602583,8-13-11-14-7-2-6
R1C4_2026-08-21,2026-08-21,1,4,CABOURG,ATTELE_VOLTE,16,81,False,lgbm_ranker,3,3,0,0,0,0,0,0.3890200596773047,0.3890200596773047,8-13-11-7-14-2-12
R1C4_2026-08-21,2026-08-21,1,4,CABOURG,ATTELE_VOLTE,16,81,False,v2_market6_plus_logit1,3,3,0,0,0,0,0,0.3890200596773047,0.3890200596773047,8-13-14-7-11-2-6
R1C3_2026-08-22,2026-08-22,1,3,DEAUVILLE,PLAT,16,82,False,market,3,3,0,0,0,0,0,0.2705175196574181,0.2705175196574181,3-5-9-10-2-15-4
R1C3_2026-08-22,2026-08-22,1,3,DEAUVILLE,PLAT,16,82,False,logistic_v1_expanding,3,3,0,0,0,0,0,0.22669500234240164,0.22669500234240164,3-1-5-9-10-2-4
R1C3_2026-08-22,2026-08-22,1,3,DEAUVILLE,PLAT,16,82,False,lgbm_ranker,2,3,0,0,0,0,0,0.07028419876758792,0.17983043271267332,3-8-10-15-5-2-9
R1C3_2026-08-22,2026-08-22,1,3,DEAUVILLE,PLAT,16,82,False,v2_market6_plus_logit1,3,3,0,0,0,0,0,0.2705175196574181,0.2705175196574181,3-5-9-10-2-15-1
R1C3_2026-08-23,2026-08-23,1,3,DEAUVILLE,PLAT,15,83,False,market,3,4,1,0,0,1,1,0.7900216380222365,0.8446512562148352,5-13-6-2-1-12-7
R1C3_2026-08-23,2026-08-23,1,3,DEAUVILLE,PLAT,15,83,False,logistic_v1_expanding,3,3,0,0,0,1,1,0.6965394240562441,0.6965394240562441,5-2-13-6-1-7-8
R1C3_2026-08-23,2026-08-23,1,3,DEAUVILLE,PLAT,15,83,False,lgbm_ranker,4,4,1,0,1,1,1,0.9443051637828295,0.9443051637828295,13-6-5-2-12-15-9
R1C3_2026-08-23,2026-08-23,1,3,DEAUVILLE,PLAT,15,83,False,v2_market6_plus_logit1,3,4,1,0,0,1,1,0.7900216380222365,0.8446512562148352,5-13-6-2-1-12-7
R1C8_2026-08-24,2026-08-24,1,8,VINCENNES,ATTELE_VOLTE,18,84,False,market,3,4,1,0,0,1,1,0.6213816107413903,0.6291858419117615,17-13-9-15-16-18-5
R1C8_2026-08-24,2026-08-24,1,8,VINCENNES,ATTELE_VOLTE,18,84,False,logistic_v1_expanding,3,4,1,0,0,1,1,0.5027224599952315,0.6122686939403168,17-13-9-15-18-5-16
R1C8_2026-08-24,2026-08-24,1,8,VINCENNES,ATTELE_VOLTE,18,84,False,lgbm_ranker,3,3,0,0,0,1,1,0.6357837913266221,0.6357837913266221,17-13-12-16-9-11-15
R1C8_2026-08-24,2026-08-24,1,8,VINCENNES,ATTELE_VOLTE,18,84,False,v2_market6_plus_logit1,3,4,1,0,0,1,1,0.6213816107413903,0.6291858419117615,17-13-9-15-16-18-5
R1C8_2026-08-25,2026-08-25,1,8,DEAUVILLE,PLAT,16,85,True,market,3,4,1,0,0,0,1,0.30585633587374433,0.5477875021552527,11-5-3-9-4-14-2
R1C8_2026-08-25,2026-08-25,1,8,DEAUVILLE,PLAT,16,85,True,logistic_v1_expanding,4,5,1,1,0,1,1,0.5868324964808417,0.6102451899919553,11-3-5-14-9-6-4
R1C8_2026-08-25,2026-08-25,1,8,DEAUVILLE,PLAT,16,85,True,lgbm_ranker,4,4,1,0,0,1,1,0.5119992404598347,0.5119992404598347,4-11-3-9-14-2-5
R1C8_2026-08-25,2026-08-25,1,8,DEAUVILLE,PLAT,16,85,True,v2_market6_plus_logit1,3,5,1,1,0,0,1,0.30585633587374433,0.5696967489442698,11-5-3-9-4-14-6
R1C8_2026-08-26,2026-08-26,1,8,CLAIREFONTAINE,STEEPLECHASE,14,86,True,market,4,4,1,0,0,1,1,0.5645310051380938,0.5645310051380938,4-6-13-14-1-3-7
R1C8_2026-08-26,2026-08-26,1,8,CLAIREFONTAINE,STEEPLECHASE,14,86,True,logistic_v1_expanding,3,4,1,0,0,1,1,0.5602973993500268,0.5681016305203981,4-6-3-1-14-13-7
R1C8_2026-08-26,2026-08-26,1,8,CLAIREFONTAINE,STEEPLECHASE,14,86,True,lgbm_ranker,3,5,1,1,0,1,1,0.5052014297650144,0.6693772819026985,4-6-13-5-14-1-10
R1C8_2026-08-26,2026-08-26,1,8,CLAIREFONTAINE,STEEPLECHASE,14,86,True,v2_market6_plus_logit1,4,4,1,0,0,1,1,0.5645310051380938,0.5645310051380938,4-6-13-14-1-3-7
R1C8_2026-08-27,2026-08-27,1,8,DEAUVILLE,PLAT,16,87,True,market,2,3,0,0,0,0,1,0.33807450083233065,0.5644700509855072,1-4-2-14-12-9-13
R1C8_2026-08-27,2026-08-27,1,8,DEAUVILLE,PLAT,16,87,True,logistic_v1_expanding,2,3,0,0,0,0,0,0.33711435545998186,0.3590236022489989,1-4-2-9-14-11-5
R1C8_2026-08-27,2026-08-27,1,8,DEAUVILLE,PLAT,16,87,True,lgbm_ranker,3,3,0,0,0,0,0,0.43635569497248033,0.43635569497248033,1-3-14-2-4-6-10
R1C8_2026-08-27,2026-08-27,1,8,DEAUVILLE,PLAT,16,87,True,v2_market6_plus_logit1,2,2,0,0,0,0,0,0.33807450083233065,0.33807450083233065,1-4-2-14-12-9-11
R1C4_2026-08-28,2026-08-28,1,4,CABOURG,ATTELE_VOLTE,16,88,True,market,2,3,0,0,0,0,1,0.17440085513964185,0.40079640529281835,7-6-16-9-13-4-5
R1C4_2026-08-28,2026-08-28,1,4,CABOURG,ATTELE_VOLTE,16,88,True,logistic_v1_expanding,2,2,0,0,0,0,0,0.19262674790885137,0.19262674790885137,7-6-9-16-4-13-8
R1C4_2026-08-28,2026-08-28,1,4,CABOURG,ATTELE_VOLTE,16,88,True,lgbm_ranker,1,3,0,0,0,0,1,0.041469587032592375,0.38492860474133755,7-16-13-4-6-9-5
R1C4_2026-08-28,2026-08-28,1,4,CABOURG,ATTELE_VOLTE,16,88,True,v2_market6_plus_logit1,2,2,0,0,0,0,0,0.17440085513964185,0.17440085513964185,7-6-16-9-13-4-8
R1C4_2026-08-29,2026-08-29,1,4,VINCENNES,ATTELE_VOLTE,13,89,True,market,3,3,0,0,0,0,0,0.453708468569195,0.453708468569195,12-13-8-2-9-5-4
R1C4_2026-08-29,2026-08-29,1,4,VINCENNES,ATTELE_VOLTE,13,89,True,logistic_v1_expanding,3,4,1,0,0,0,1,0.4508280324521487,0.6772235826053252,12-13-8-9-2-5-6
R1C4_2026-08-29,2026-08-29,1,4,VINCENNES,ATTELE_VOLTE,13,89,True,lgbm_ranker,4,5,1,1,0,1,1,0.6963737249545335,0.7036768072175393,12-8-13-2-6-9-1
R1C4_2026-08-29,2026-08-29,1,4,VINCENNES,ATTELE_VOLTE,13,89,True,v2_market6_plus_logit1,3,4,1,0,0,0,1,0.453708468569195,0.6801040187223715,12-13-8-2-9-5-6
R1C1_2026-08-31,2026-08-31,1,1,SAINT-CLOUD,PLAT,16,90,True,market,0,1,0,0,0,0,1,0.0,0.22639555015317653,11-6-9-3-4-8-1
R1C1_2026-08-31,2026-08-31,1,1,SAINT-CLOUD,PLAT,16,90,True,logistic_v1_expanding,0,1,0,0,0,0,1,0.0,0.2419311662815085,9-6-11-8-4-1-7
R1C1_2026-08-31,2026-08-31,1,1,SAINT-CLOUD,PLAT,16,90,True,lgbm_ranker,1,1,0,0,0,0,0,0.028307396991223248,0.028307396991223248,9-11-12-14-8-5-3
R1C1_2026-08-31,2026-08-31,1,1,SAINT-CLOUD,PLAT,16,90,True,v2_market6_plus_logit1,0,1,0,0,0,0,1,0.0,0.22639555015317653,11-6-9-3-4-8-1
R1C1_2026-09-02,2026-09-02,1,1,LA CAPELLE,ATTELE_AUTOSTART,14,91,True,market,4,5,1,1,1,1,1,0.848621124011014,0.9032507422036127,9-7-6-11-13-10-14
R1C1_2026-09-02,2026-09-02,1,1,LA CAPELLE,ATTELE_AUTOSTART,14,91,True,logistic_v1_expanding,3,5,1,1,1,1,1,0.9095565943566785,0.9402723701307979,9-7-13-10-1-6-11
R1C1_2026-09-02,2026-09-02,1,1,LA CAPELLE,ATTELE_AUTOSTART,14,91,True,lgbm_ranker,3,4,1,0,1,1,1,0.8950102392472169,0.9184229327583306,9-13-7-1-11-6-14
R1C1_2026-09-02,2026-09-02,1,1,LA CAPELLE,ATTELE_AUTOSTART,14,91,True,v2_market6_plus_logit1,4,5,1,1,1,1,1,0.848621124011014,0.9032507422036127,9-7-6-11-13-10-1
R1C1_2026-09-03,2026-09-03,1,1,ParisLongchamp,PLAT,16,92,True,market,4,4,1,0,0,1,1,0.49919550932477336,0.49919550932477336,3-13-16-14-1-9-7
R1C1_2026-09-03,2026-09-03,1,1,ParisLongchamp,PLAT,16,92,True,logistic_v1_expanding,4,4,1,0,0,1,1,0.5462790656452312,0.5462790656452312,3-13-14-16-1-9-5
R1C1_2026-09-03,2026-09-03,1,1,ParisLongchamp,PLAT,16,92,True,lgbm_ranker,3,4,1,0,0,1,1,0.41475686459389044,0.531820332149459,3-16-14-13-9-1-7
R1C1_2026-09-03,2026-09-03,1,1,ParisLongchamp,PLAT,16,92,True,v2_market6_plus_logit1,4,4,1,0,0,1,1,0.49919550932477336,0.49919550932477336,3-13-16-14-1-9-5
R1C4_2026-09-04,2026-09-04,1,4,VINCENNES,ATTELE_VOLTE,15,93,True,market,3,3,0,0,0,1,1,0.5108123274667773,0.5108123274667773,15-11-2-8-9-14-10
R1C4_2026-09-04,2026-09-04,1,4,VINCENNES,ATTELE_VOLTE,15,93,True,logistic_v1_expanding,2,4,1,0,0,0,1,0.21830255855747044,0.48214297162799596,15-11-2-9-14-8-6
R1C4_2026-09-04,2026-09-04,1,4,VINCENNES,ATTELE_VOLTE,15,93,True,lgbm_ranker,2,4,1,0,0,0,1,0.21678373416003632,0.4978089025058115,15-11-14-2-9-12-8
R1C4_2026-09-04,2026-09-04,1,4,VINCENNES,ATTELE_VOLTE,15,93,True,v2_market6_plus_logit1,3,4,1,0,0,1,1,0.5108123274667773,0.5327215742557945,15-11-2-8-9-14-6
R1C4_2026-09-05,2026-09-05,1,4,VINCENNES,ATTELE_VOLTE,14,94,True,market,3,5,1,1,0,1,1,0.7665935668357853,0.8411278361879388,3-10-8-14-11-6-13
R1C4_2026-09-05,2026-09-05,1,4,VINCENNES,ATTELE_VOLTE,14,94,True,logistic_v1_expanding,3,5,1,1,0,1,1,0.7656334214634364,0.84016769081559,3-10-11-8-14-6-13
R1C4_2026-09-05,2026-09-05,1,4,VINCENNES,ATTELE_VOLTE,14,94,True,lgbm_ranker,4,4,1,0,1,1,1,0.9288342548030913,0.9288342548030913,10-3-6-14-11-8-4
R1C4_2026-09-05,2026-09-05,1,4,VINCENNES,ATTELE_VOLTE,14,94,True,v2_market6_plus_logit1,3,5,1,1,0,1,1,0.7665935668357853,0.8411278361879388,3-10-8-14-11-6-13
R1C3_2026-09-06,2026-09-06,1,3,ParisLongchamp,PLAT,16,95,True,market,1,2,0,0,0,0,0,0.14153698495611622,0.14934121612648746,8-4-13-2-10-1-14
R1C3_2026-09-06,2026-09-06,1,3,ParisLongchamp,PLAT,16,95,True,logistic_v1_expanding,2,3,0,0,0,0,0,0.16696394583029311,0.17476817700066435,8-4-13-2-12-1-5
R1C3_2026-09-06,2026-09-06,1,3,ParisLongchamp,PLAT,16,95,True,lgbm_ranker,0,1,0,0,0,0,0,0.0,0.11706346755556861,8-4-14-10-13-2-15
R1C3_2026-09-06,2026-09-06,1,3,ParisLongchamp,PLAT,16,95,True,v2_market6_plus_logit1,1,3,0,0,0,0,0,0.14153698495611622,0.17125046291550455,8-4-13-2-10-1-12
R1C1_2026-09-07,2026-09-07,1,1,CRAON,ATTELE_VOLTE,16,96,True,market,3,3,0,0,1,1,1,0.8346288518216373,0.8346288518216373,13-14-10-3-16-5-8
R1C1_2026-09-07,2026-09-07,1,1,CRAON,ATTELE_VOLTE,16,96,True,logistic_v1_expanding,3,3,0,0,1,1,1,0.8346288518216373,0.8346288518216373,13-14-10-3-16-8-5
R1C1_2026-09-07,2026-09-07,1,1,CRAON,ATTELE_VOLTE,16,96,True,lgbm_ranker,2,3,0,0,1,1,1,0.7046136113337064,0.8141598452787918,13-14-10-8-3-5-16
R1C1_2026-09-07,2026-09-07,1,1,CRAON,ATTELE_VOLTE,16,96,True,v2_market6_plus_logit1,3,3,0,0,1,1,1,0.8346288518216373,0.8346288518216373,13-14-10-3-16-5-8
R1C1_2026-09-08,2026-09-08,1,1,AUTEUIL,HAIES,16,97,True,market,2,3,0,0,0,1,1,0.30346439230381544,0.35809401049641415,1-10-5-8-2-9-16
R1C1_2026-09-08,2026-09-08,1,1,AUTEUIL,HAIES,16,97,True,logistic_v1_expanding,2,3,0,0,0,1,1,0.2721810613635688,0.32330263720460867,1-2-10-5-8-16-9
R1C1_2026-09-08,2026-09-08,1,1,AUTEUIL,HAIES,16,97,True,lgbm_ranker,2,3,0,0,0,1,1,0.2765684580440252,0.3936319255995938,10-5-1-2-8-14-16
R1C1_2026-09-08,2026-09-08,1,1,AUTEUIL,HAIES,16,97,True,v2_market6_plus_logit1,2,3,0,0,0,1,1,0.30346439230381544,0.35809401049641415,1-10-5-8-2-9-16
