race_id,race_date,period,discipline,consensus_count,rank_agreement,divergence,confidence,union_count,reserve_ratio,score30,score50,score70,pool_full,actual_ticket_rank,min70,hit30,hit50,hit70,adaptive_tickets,adaptive_profile,adaptive_exact_hit,stake_eur
R1C7_2026-07-11,2026-07-11,DEV30,ATTELE_VOLTE,6,0.6190476190476191,0.2380952380952381,0.6142857142857143,8,0.5649052290885604,0.8326693227091633,0.7808764940239044,0.706772908366534,False,,,False,False,False,30,CORE_30,False,60.0
R1C3_2026-07-12,2026-07-12,DEV30,PLAT,5,0.9428571428571428,0.1942857142857142,0.64,9,0.5377806722392365,0.8231075697211155,0.7784860557768924,0.702788844621514,True,4.0,4.0,True,True,True,50,EXTENSION_50,True,100.0
R1C8_2026-07-13,2026-07-13,DEV30,PLAT,5,0.6285714285714286,0.3199999999999999,0.5457142857142857,9,0.4968657980332153,0.8438247011952191,0.7848605577689243,0.7211155378486056,False,,,False,False,False,50,EXTENSION_50,False,100.0
R1C3_2026-07-14,2026-07-14,DEV30,PLAT,6,0.7857142857142857,0.1714285714285714,0.6642857142857143,8,0.4649979775553139,0.8366533864541832,0.7776892430278884,0.7258964143426294,False,,,False,False,False,30,CORE_30,False,60.0
R1C8_2026-07-15,2026-07-15,DEV30,ATTELE_AUTOSTART,5,0.8,0.2514285714285714,0.5971428571428572,9,0.5452022310992015,0.8350597609561752,0.7657370517928287,0.7147410358565738,False,,,False,False,False,50,EXTENSION_50,False,100.0
R1C8_2026-07-16,2026-07-16,DEV30,PLAT,3,0.6190476190476191,0.4952380952380952,0.4,11,0.5997688877893337,0.8398406374501992,0.7537848605577689,0.6940239043824701,False,,,False,False,False,50,EXTENSION_50,False,100.0
R1C4_2026-07-17,2026-07-17,DEV30,ATTELE_VOLTE,6,0.5714285714285716,0.2571428571428571,0.6000000000000001,8,0.5839580962049483,0.8390438247011952,0.7681274900398407,0.7099601593625499,False,,,False,False,False,30,CORE_30,False,60.0
R1C4_2026-07-18,2026-07-18,DEV30,ATTELE_AUTOSTART,6,0.6666666666666667,0.219047619047619,0.6285714285714286,8,0.5554646866251765,0.8270916334661355,0.7856573705179284,0.7123505976095618,True,10.0,10.0,True,True,True,30,CORE_30,True,60.0
R1C3_2026-07-19,2026-07-19,DEV30,PLAT,6,0.6190476190476191,0.2380952380952381,0.6142857142857143,8,0.5693161934906817,0.848605577689243,0.7689243027888446,0.7035856573705179,False,,,False,False,False,30,CORE_30,False,60.0
R1C8_2026-07-20,2026-07-20,DEV30,PLAT,4,0.7857142857142857,0.3428571428571429,0.5214285714285714,10,0.5661103124687953,0.8438247011952191,0.7633466135458167,0.702788844621514,False,,,False,False,False,50,EXTENSION_50,False,100.0
R1C8_2026-07-21,2026-07-21,DEV30,PLAT,5,0.7142857142857143,0.2857142857142857,0.5714285714285714,9,0.5946221540499851,0.8127490039840638,0.7760956175298804,0.7195219123505976,False,,,False,False,False,50,EXTENSION_50,False,100.0
R1C8_2026-07-22,2026-07-22,DEV30,ATTELE_VOLTE,5,0.4571428571428571,0.3885714285714285,0.4942857142857143,9,0.5266470556676524,0.8398406374501992,0.7928286852589641,0.7243027888446215,False,,,False,False,False,50,EXTENSION_50,False,100.0
R1C8_2026-07-23,2026-07-23,DEV30,PLAT,2,1.0,0.4285714285714285,0.4428571428571428,12,0.5208030685617264,0.8310756972111553,0.7721115537848606,0.7219123505976095,False,,,False,False,False,70,COUVERTURE_70,False,140.0
R1C4_2026-07-24,2026-07-24,DEV30,ATTELE_VOLTE,2,0.6428571428571428,0.5714285714285714,0.3357142857142857,12,0.6282549341181752,0.8494023904382471,0.7737051792828686,0.7091633466135459,False,,,False,False,False,70,COUVERTURE_70,False,140.0
R1C4_2026-07-25,2026-07-25,DEV30,ATTELE_AUTOSTART,6,0.7380952380952381,0.1904761904761905,0.65,8,0.5126327705250316,0.8294820717131475,0.7848605577689243,0.7211155378486056,False,,,False,False,False,30,CORE_30,False,60.0
R1C3_2026-07-26,2026-07-26,DEV30,PLAT,5,0.7428571428571429,0.2742857142857142,0.5800000000000001,9,0.4860944279251943,0.8223107569721115,0.7848605577689243,0.7139442231075697,False,,,False,False,False,50,EXTENSION_50,False,100.0
R1C5_2026-07-27,2026-07-27,DEV30,STEEPLECHASE,4,0.75,0.3571428571428572,0.5107142857142857,10,0.5925065379513322,0.8358565737051793,0.7689243027888446,0.69800796812749,False,,,False,False,False,50,EXTENSION_50,False,100.0
R1C8_2026-07-28,2026-07-28,DEV30,PLAT,5,0.7714285714285715,0.2628571428571428,0.5885714285714285,9,0.4786070463420001,0.8199203187250996,0.7760956175298805,0.7179282868525897,True,61.0,61.0,False,False,True,50,EXTENSION_50,False,100.0
R1C1_2026-07-29,2026-07-29,DEV30,ATTELE_VOLTE,6,0.6428571428571428,0.2285714285714286,0.6214285714285714,8,0.5318959263670923,0.8318725099601594,0.7848605577689243,0.7250996015936255,False,,,False,False,False,30,CORE_30,False,60.0
R1C7_2026-07-30,2026-07-30,DEV30,PLAT,4,0.7857142857142857,0.3428571428571429,0.5214285714285714,10,0.5528218557557242,0.8422310756972111,0.7713147410358565,0.7019920318725099,False,,,False,False,False,50,EXTENSION_50,False,100.0
R1C4_2026-07-31,2026-07-31,DEV30,ATTELE_VOLTE,5,0.5714285714285715,0.3428571428571428,0.5285714285714286,9,0.5571469161935657,0.847011952191235,0.7609561752988048,0.6956175298804781,False,,,False,False,False,50,EXTENSION_50,False,100.0
R1C3_2026-08-01,2026-08-01,DEV30,PLAT,6,0.7857142857142857,0.1714285714285714,0.6642857142857143,8,0.4802887476362457,0.8302788844621514,0.7737051792828684,0.7250996015936255,False,,,False,False,False,30,CORE_30,False,60.0
R1C3_2026-08-02,2026-08-02,DEV30,PLAT,6,0.7142857142857144,0.1999999999999999,0.6428571428571429,8,0.5865985387204373,0.8350597609561754,0.7729083665338645,0.7115537848605578,False,,,False,False,False,30,CORE_30,False,60.0
R1C8_2026-08-03,2026-08-03,DEV30,PLAT,5,0.6571428571428571,0.3085714285714285,0.5542857142857143,9,0.5857528574045985,0.8310756972111554,0.7840637450199204,0.7298804780876493,True,20.0,20.0,True,True,True,50,EXTENSION_50,True,100.0
R1C8_2026-08-04,2026-08-04,DEV30,PLAT,5,0.8,0.2514285714285714,0.5971428571428572,9,0.4950223814065741,0.8278884462151395,0.7816733067729084,0.7298804780876494,False,,,False,False,False,50,EXTENSION_50,False,100.0
R1C5_2026-08-05,2026-08-05,DEV30,ATTELE_VOLTE,6,0.6428571428571428,0.2285714285714286,0.6214285714285714,8,0.4840801658546127,0.8254980079681276,0.7880478087649403,0.7258964143426294,True,10.0,10.0,True,True,True,30,CORE_30,True,60.0
R1C8_2026-08-06,2026-08-06,DEV30,ATTELE_VOLTE,6,0.5714285714285714,0.2571428571428572,0.6,8,0.6309249684543056,0.8199203187250996,0.7832669322709163,0.6820717131474103,False,,,False,False,False,30,CORE_30,False,60.0
R1C4_2026-08-07,2026-08-07,DEV30,ATTELE_VOLTE,5,0.7142857142857143,0.2857142857142857,0.5714285714285714,9,0.6238240298231283,0.8422310756972111,0.7816733067729082,0.7131474103585658,False,,,False,False,False,50,EXTENSION_50,False,100.0
R1C3_2026-08-08,2026-08-08,DEV30,PLAT,4,0.6785714285714286,0.3857142857142857,0.4892857142857142,10,0.6122414671696436,0.8143426294820717,0.7609561752988048,0.6940239043824701,False,,,False,False,False,50,EXTENSION_50,False,100.0
R1C3_2026-08-09,2026-08-09,DEV30,PLAT,5,0.6285714285714286,0.3199999999999999,0.5457142857142857,9,0.5261026187505645,0.8350597609561752,0.7760956175298805,0.696414342629482,False,,,False,False,False,50,EXTENSION_50,False,100.0
R1C5_2026-08-10,2026-08-10,HOLDOUT28,PLAT,5,0.8571428571428572,0.2285714285714285,0.6142857142857143,9,0.5193810347497922,0.8262948207171315,0.7705179282868526,0.7043824701195218,True,33.0,33.0,False,True,True,50,EXTENSION_50,True,100.0
R1C8_2026-08-11,2026-08-11,HOLDOUT28,PLAT,5,0.6857142857142857,0.2971428571428571,0.5628571428571428,9,0.5727432780685435,0.8342629482071713,0.7665338645418327,0.7115537848605578,True,21.0,21.0,True,True,True,50,EXTENSION_50,True,100.0
R1C8_2026-08-12,2026-08-12,HOLDOUT28,ATTELE_VOLTE,5,0.6000000000000001,0.3314285714285714,0.5371428571428571,9,0.5589374469617516,0.8470119521912349,0.7776892430278884,0.7282868525896415,False,,,False,False,False,50,EXTENSION_50,False,100.0
R1C8_2026-08-13,2026-08-13,HOLDOUT28,PLAT,5,0.6571428571428573,0.3085714285714285,0.5542857142857143,9,0.5943070315582603,0.8358565737051793,0.7641434262948207,0.7083665338645417,False,,,False,False,False,50,EXTENSION_50,False,100.0
R1C4_2026-08-14,2026-08-14,HOLDOUT28,ATTELE_AUTOSTART,6,0.8095238095238095,0.1619047619047619,0.6714285714285714,8,0.5742898434139959,0.8382470119521912,0.7848605577689243,0.7091633466135459,True,21.0,21.0,True,True,True,30,CORE_30,True,60.0
R1C3_2026-08-15,2026-08-15,HOLDOUT28,PLAT,5,0.8,0.2514285714285714,0.5971428571428572,9,0.572795069728654,0.8310756972111553,0.7800796812749005,0.7115537848605578,False,,,False,False,False,50,EXTENSION_50,False,100.0
R1C3_2026-08-16,2026-08-16,HOLDOUT28,PLAT,6,0.6904761904761905,0.2095238095238095,0.6357142857142857,8,0.4944019925629819,0.8247011952191234,0.7752988047808765,0.7203187250996017,False,,,False,False,False,30,CORE_30,False,60.0
R1C8_2026-08-17,2026-08-17,HOLDOUT28,HAIES,5,0.6857142857142857,0.2971428571428571,0.5628571428571428,9,0.5964237491070061,0.8326693227091633,0.7625498007968128,0.7179282868525896,False,,,False,False,False,50,EXTENSION_50,False,100.0
R1C8_2026-08-18,2026-08-18,HOLDOUT28,PLAT,3,0.7142857142857144,0.4571428571428571,0.4285714285714286,11,0.592651959468023,0.8390438247011951,0.7569721115537849,0.7019920318725099,False,,,False,False,False,50,EXTENSION_50,False,100.0
R1C8_2026-08-19,2026-08-19,HOLDOUT28,ATTELE_VOLTE,5,0.7142857142857143,0.2857142857142857,0.5714285714285714,9,0.5106933782582895,0.844621513944223,0.7776892430278884,0.7067729083665338,True,125.0,,False,False,False,50,EXTENSION_50,False,100.0
R1C8_2026-08-20,2026-08-20,HOLDOUT28,PLAT,6,0.7380952380952381,0.1904761904761905,0.65,8,0.5817219440902296,0.8422310756972111,0.7737051792828684,0.7139442231075697,False,,,False,False,False,30,CORE_30,False,60.0
R1C4_2026-08-21,2026-08-21,HOLDOUT28,ATTELE_VOLTE,6,0.7142857142857144,0.1999999999999999,0.6428571428571429,8,0.5644167223817819,0.8398406374501992,0.7705179282868526,0.7059760956175298,False,,,False,False,False,30,CORE_30,False,60.0
R1C3_2026-08-22,2026-08-22,HOLDOUT28,PLAT,4,0.4285714285714286,0.4857142857142857,0.4142857142857142,10,0.5593510486936509,0.8374501992031873,0.754581673306773,0.7019920318725099,False,,,False,False,False,50,EXTENSION_50,False,100.0
R1C3_2026-08-23,2026-08-23,HOLDOUT28,PLAT,5,0.9142857142857144,0.2057142857142857,0.6314285714285715,9,0.5841307693307156,0.8302788844621514,0.7689243027888446,0.6956175298804781,True,50.0,50.0,False,True,True,50,EXTENSION_50,True,100.0
R1C8_2026-08-24,2026-08-24,HOLDOUT28,ATTELE_VOLTE,5,0.6857142857142857,0.2971428571428571,0.5628571428571428,9,0.5458005075974411,0.8247011952191234,0.7673306772908366,0.7115537848605578,False,,,False,False,False,50,EXTENSION_50,False,100.0
R1C8_2026-08-25,2026-08-25,HOLDOUT28,PLAT,5,0.8,0.2514285714285714,0.5971428571428572,9,0.5316242251239695,0.8494023904382471,0.7848605577689243,0.7099601593625499,True,9.0,9.0,True,True,True,50,EXTENSION_50,True,100.0
R1C8_2026-08-26,2026-08-26,HOLDOUT28,STEEPLECHASE,5,0.6571428571428571,0.3085714285714285,0.5542857142857143,9,0.6063936134311182,0.8366533864541833,0.7768924302788844,0.7051792828685259,False,,,False,False,False,50,EXTENSION_50,False,100.0
R1C8_2026-08-27,2026-08-27,HOLDOUT28,PLAT,5,0.6285714285714286,0.3199999999999999,0.5457142857142857,9,0.592030768124441,0.8358565737051793,0.7904382470119522,0.7306772908366534,False,,,False,False,False,50,EXTENSION_50,False,100.0
R1C4_2026-08-28,2026-08-28,HOLDOUT28,ATTELE_VOLTE,5,0.6,0.3314285714285714,0.5371428571428571,9,0.5926486298210324,0.8239043824701195,0.7641434262948207,0.7051792828685259,False,,,False,False,False,50,EXTENSION_50,False,100.0
R1C4_2026-08-29,2026-08-29,HOLDOUT28,ATTELE_VOLTE,4,0.8571428571428572,0.3142857142857143,0.5428571428571429,10,0.4936914523124157,0.8239043824701195,0.7697211155378486,0.7075697211155378,True,24.0,24.0,True,True,True,50,EXTENSION_50,True,100.0
R1C1_2026-08-31,2026-08-31,HOLDOUT28,PLAT,4,0.5714285714285714,0.4285714285714286,0.4571428571428571,10,0.5660431812690166,0.8310756972111555,0.7681274900398407,0.699601593625498,False,,,False,False,False,50,EXTENSION_50,False,100.0
R1C1_2026-09-02,2026-09-02,HOLDOUT28,ATTELE_AUTOSTART,4,0.7142857142857143,0.3714285714285714,0.5,10,0.5378644716895269,0.8310756972111554,0.7713147410358565,0.7059760956175298,True,1.0,1.0,True,True,True,50,EXTENSION_50,True,100.0
R1C1_2026-09-03,2026-09-03,HOLDOUT28,PLAT,5,0.6285714285714286,0.3199999999999999,0.5457142857142857,9,0.6039770092349653,0.8342629482071713,0.7665338645418327,0.7035856573705179,True,71.0,,False,False,False,50,EXTENSION_50,False,100.0
R1C4_2026-09-04,2026-09-04,HOLDOUT28,ATTELE_VOLTE,5,0.6,0.3314285714285714,0.5371428571428571,9,0.5262732168012655,0.8318725099601594,0.7904382470119522,0.7338645418326692,False,,,False,False,False,50,EXTENSION_50,False,100.0
R1C4_2026-09-05,2026-09-05,HOLDOUT28,ATTELE_VOLTE,7,0.5918367346938775,0.163265306122449,0.6775510204081633,7,0.6210014112029986,0.8350597609561753,0.7737051792828684,0.700398406374502,True,10.0,10.0,True,True,True,30,CORE_30,True,60.0
R1C3_2026-09-06,2026-09-06,HOLDOUT28,PLAT,6,0.6190476190476191,0.2380952380952381,0.6142857142857143,8,0.6014146939544194,0.8438247011952191,0.7776892430278884,0.7131474103585658,False,,,False,False,False,30,CORE_30,False,60.0
R1C1_2026-09-07,2026-09-07,HOLDOUT28,ATTELE_VOLTE,6,0.761904761904762,0.1809523809523809,0.6571428571428571,8,0.5444317352344679,0.851792828685259,0.7776892430278883,0.7235059760956175,False,,,False,False,False,30,CORE_30,False,60.0
R1C1_2026-09-08,2026-09-08,HOLDOUT28,HAIES,5,0.6571428571428571,0.3085714285714285,0.5542857142857143,9,0.5428321144073415,0.8247011952191234,0.7657370517928287,0.7227091633466136,False,,,False,False,False,50,EXTENSION_50,False,100.0
